W,cos th,t,dsigdcosth (mu barn),dsigdcosth error (mu barn),dsigdt (mu barn/GeV^2),dsigdt error (mu barn/GeV^2),source
2.305,0.37,-0.810753154,0.1224,0.0097,0.104691323,0.008296616,CLAS phi
2.305,0.42,-0.752295588,0.1416,0.0111,0.121113492,0.009494066,CLAS phi
2.305,0.47,-0.693838021,0.1536,0.0123,0.131377347,0.010520452,CLAS phi
2.305,0.53,-0.623688941,0.195,0.0144,0.166787648,0.012316626,CLAS phi
2.305,0.57,-0.576922888,0.2388,0.0178,0.204250719,0.015224719,CLAS phi
2.305,0.62,-0.518465322,0.2564,0.02,0.219304373,0.017106425,CLAS phi
2.305,0.67,-0.460007755,0.3109,0.0229,0.265919383,0.019586857,CLAS phi
2.305,0.72,-0.401550188,0.4125,0.0279,0.352820024,0.023863463,CLAS phi
2.305,0.78,-0.331401109,0.5571,0.0369,0.476499479,0.031561355,CLAS phi
2.305,0.82,-0.284635055,0.5565,0.0366,0.475986286,0.031304758,CLAS phi
2.305,0.88,-0.214485976,0.8029,0.0541,0.686737447,0.046272881,CLAS phi
2.305,0.92,-0.167719922,0.5854,0.0731,0.500705071,0.062523985,CLAS phi
2.305,0.3,-0.892593747,0.0979,0.006,0.083735952,0.005131928,CLAS phi
2.315,0.37,-0.824604563,0.0977,0.009,0.081794671,0.007534821,CLAS phi
2.315,0.42,-0.764881846,0.1163,0.0101,0.097366636,0.008455744,CLAS phi
2.315,0.47,-0.705159129,0.1405,0.0116,0.117626933,0.009711547,CLAS phi
2.315,0.53,-0.633491869,0.1809,0.0142,0.151449909,0.011888274,CLAS phi
2.315,0.57,-0.585713696,0.1968,0.0159,0.164761426,0.013311518,CLAS phi
2.315,0.62,-0.525990979,0.2328,0.0189,0.194900712,0.015823125,CLAS phi
2.315,0.67,-0.466268262,0.3137,0.0229,0.262630383,0.019171934,CLAS phi
2.315,0.72,-0.406545545,0.3867,0.0283,0.323746156,0.023692827,CLAS phi
2.315,0.78,-0.334878285,0.444,0.0338,0.371717852,0.02829744,CLAS phi
2.315,0.82,-0.287100112,0.4995,0.0358,0.418182583,0.029971845,CLAS phi
2.315,0.88,-0.215432852,0.691,0.0494,0.578506837,0.041357797,CLAS phi
2.315,0.92,-0.167654678,0.5335,0.0567,0.446647464,0.047469374,CLAS phi
2.315,0.3,-0.908216367,0.0804,0.0057,0.06731107,0.004772054,CLAS phi
2.325,0.37,-0.838549721,0.1081,0.0097,0.088623244,0.007952317,CLAS phi
2.325,0.42,-0.777561207,0.1533,0.0117,0.125679402,0.00959197,CLAS phi
2.325,0.47,-0.716572692,0.1553,0.0121,0.127319055,0.009919901,CLAS phi
2.325,0.53,-0.643386475,0.208,0.0156,0.170523911,0.012789293,CLAS phi
2.325,0.57,-0.594595664,0.2273,0.0185,0.186346563,0.01516679,CLAS phi
2.325,0.62,-0.533607149,0.2758,0.0218,0.226108148,0.017872218,CLAS phi
2.325,0.67,-0.472618635,0.3252,0.0237,0.266607577,0.019429888,CLAS phi
2.325,0.72,-0.411630121,0.4157,0.0291,0.340801875,0.023856951,CLAS phi
2.325,0.78,-0.338443903,0.4905,0.0341,0.402124896,0.027956084,CLAS phi
2.325,0.82,-0.289653092,0.569,0.0396,0.466481276,0.032465129,CLAS phi
2.325,0.88,-0.216466875,0.753,0.0546,0.617329352,0.044762527,CLAS phi
2.325,0.93,-0.155478361,0.626,0.205,0.513211387,0.168064432,CLAS phi
2.325,0.3,-0.923933641,0.0825,0.0056,0.067635686,0.004591028,CLAS phi
2.335,0.37,-0.852586837,0.1133,0.0102,0.090996408,0.008192086,CLAS phi
2.335,0.42,-0.790331632,0.1443,0.0123,0.115893925,0.009878692,CLAS phi
2.335,0.47,-0.728076428,0.167,0.0133,0.134125333,0.010681838,CLAS phi
2.335,0.53,-0.653370182,0.1971,0.0155,0.158300018,0.012448758,CLAS phi
2.335,0.57,-0.603566019,0.2315,0.0187,0.185928231,0.015018825,CLAS phi
2.335,0.62,-0.541310815,0.2346,0.0194,0.188417982,0.015581027,CLAS phi
2.335,0.67,-0.47905561,0.3534,0.0251,0.283831692,0.020158957,CLAS phi
2.335,0.72,-0.416800406,0.3776,0.0274,0.303267818,0.022006192,CLAS phi
2.335,0.78,-0.34209416,0.5265,0.0375,0.422856213,0.030117964,CLAS phi
2.335,0.82,-0.292289997,0.6225,0.0418,0.499958201,0.03357149,CLAS phi
2.335,0.88,-0.217583752,0.7979,0.0581,0.640829957,0.046662765,CLAS phi
2.335,0.92,-0.167779588,0.797,0.1532,0.640107126,0.123041922,CLAS phi
2.335,0.3,-0.939744123,0.0843,0.0058,0.067705183,0.004658245,CLAS phi
2.345,0.37,-0.866714256,0.1008,0.0095,0.079341323,0.007477605,CLAS phi
2.345,0.42,-0.803191242,0.1235,0.0112,0.097208864,0.008815703,CLAS phi
2.345,0.47,-0.739668228,0.1532,0.0129,0.120586218,0.0101538,CLAS phi
2.345,0.53,-0.663440611,0.1841,0.0156,0.144908112,0.012279014,CLAS phi
2.345,0.57,-0.6126222,0.2288,0.0191,0.18009221,0.015033921,CLAS phi
2.345,0.62,-0.549099186,0.2708,0.0225,0.213151095,0.017710117,CLAS phi
2.345,0.67,-0.485576172,0.315,0.0245,0.247941636,0.019284349,CLAS phi
2.345,0.72,-0.422053158,0.376,0.0276,0.29595573,0.02172441,CLAS phi
2.345,0.78,-0.345825541,0.4956,0.035,0.39009484,0.027549071,CLAS phi
2.345,0.82,-0.29500713,0.6376,0.0444,0.501865355,0.034947964,CLAS phi
2.345,0.88,-0.218779513,0.7465,0.0543,0.587582321,0.042740415,CLAS phi
2.345,0.92,-0.167961102,0.6923,0.0999,0.544920617,0.078632919,CLAS phi
2.345,0.3,-0.955646476,0.0817,0.0058,0.064307402,0.004565275,CLAS phi
2.355,0.37,-0.880930449,0.1127,0.0102,0.086970408,0.007871324,CLAS phi
2.355,0.42,-0.816138295,0.1389,0.0117,0.107188906,0.009028871,CLAS phi
2.355,0.47,-0.751346142,0.1969,0.0155,0.151947412,0.011961325,CLAS phi
2.355,0.53,-0.673595558,0.1905,0.0156,0.147008542,0.012038495,CLAS phi
2.355,0.57,-0.621761836,0.247,0.0203,0.190609501,0.015665477,CLAS phi
2.355,0.62,-0.556969683,0.3261,0.0251,0.251650844,0.019369629,CLAS phi
2.355,0.67,-0.49217753,0.3617,0.026,0.279123306,0.020064158,CLAS phi
2.355,0.72,-0.427385376,0.4427,0.0322,0.341630875,0.024848688,CLAS phi
2.355,0.78,-0.349634793,0.5031,0.0379,0.388241458,0.029247369,CLAS phi
2.355,0.82,-0.29780107,0.6527,0.0475,0.503687536,0.036655673,CLAS phi
2.355,0.88,-0.220050486,0.8481,0.0658,0.654477401,0.050777754,CLAS phi
2.355,0.92,-0.168216764,0.9429,0.1744,0.727634408,0.134584198,CLAS phi
2.355,0.3,-0.971639463,0.0896,0.0062,0.069144175,0.00478453,CLAS phi
2.365,0.37,-0.895233995,0.1156,0.0112,0.087492485,0.008476781,CLAS phi
2.365,0.42,-0.829171178,0.1369,0.0122,0.103613505,0.009233636,CLAS phi
2.365,0.47,-0.763108361,0.1653,0.0138,0.125108198,0.010444605,CLAS phi
2.365,0.53,-0.683832981,0.2103,0.018,0.159166692,0.013623397,CLAS phi
2.365,0.57,-0.630982727,0.2251,0.0193,0.170368152,0.014607309,CLAS phi
2.365,0.62,-0.564919911,0.2971,0.0229,0.224861741,0.017331989,CLAS phi
2.365,0.67,-0.498857094,0.3622,0.0281,0.274133028,0.021267637,CLAS phi
2.365,0.72,-0.432794277,0.5124,0.0365,0.38781271,0.027625222,CLAS phi
2.365,0.78,-0.353518897,0.5622,0.0416,0.425504109,0.031485185,CLAS phi
2.365,0.82,-0.300668643,0.6838,0.0508,0.517537726,0.038448255,CLAS phi
2.365,0.88,-0.221393263,0.9225,0.0698,0.698199111,0.052828507,CLAS phi
2.365,0.92,-0.16854301,0.8274,0.1103,0.626222162,0.083481151,CLAS phi
2.365,0.3,-0.987721938,0.0936,0.0068,0.070841666,0.005146617,CLAS phi
2.375,0.37,-0.909623578,0.1047,0.0102,0.077745385,0.007574049,CLAS phi
2.375,0.42,-0.842288391,0.1315,0.0118,0.097645828,0.008762135,CLAS phi
2.375,0.47,-0.774953205,0.1801,0.0147,0.133733944,0.010915541,CLAS phi
2.375,0.53,-0.694150982,0.1797,0.0146,0.133436922,0.010841286,CLAS phi
2.375,0.57,-0.640282833,0.2309,0.0197,0.171455678,0.01462831,CLAS phi
2.375,0.62,-0.572947647,0.2815,0.0215,0.209028902,0.015964907,CLAS phi
2.375,0.67,-0.505612461,0.3546,0.0285,0.263309586,0.021162784,CLAS phi
2.375,0.72,-0.438277275,0.3921,0.031,0.291155355,0.023019169,CLAS phi
2.375,0.78,-0.357475051,0.5002,0.0387,0.371425423,0.028736833,CLAS phi
2.375,0.82,-0.303606902,0.6196,0.0484,0.46008635,0.035939605,CLAS phi
2.375,0.88,-0.222804679,0.6865,0.0517,0.509763201,0.038390033,CLAS phi
2.375,0.92,-0.16893653,0.7208,0.0805,0.535232797,0.059775583,CLAS phi
2.385,0.37,-0.924097972,0.1113,0.0107,0.0811113,0.007797762,CLAS phi
2.385,0.42,-0.855488542,0.1298,0.0119,0.094593411,0.008672277,CLAS phi
2.385,0.47,-0.786879113,0.1345,0.0131,0.098018597,0.009546793,CLAS phi
2.385,0.53,-0.704547797,0.1584,0.0153,0.115436027,0.011150071,CLAS phi
2.385,0.57,-0.649660253,0.2105,0.0191,0.153404569,0.013919369,CLAS phi
2.385,0.62,-0.581050824,0.2274,0.0195,0.165720661,0.014210875,CLAS phi
2.385,0.67,-0.512441394,0.2922,0.0238,0.21294449,0.017344555,CLAS phi
2.385,0.72,-0.443831965,0.3547,0.0303,0.258492165,0.022081513,CLAS phi
2.385,0.78,-0.361500649,0.4429,0.039,0.322769044,0.028421749,CLAS phi
2.385,0.82,-0.306613105,0.5697,0.0469,0.415176167,0.034178975,CLAS phi
2.385,0.88,-0.22428179,0.727,0.0607,0.529810555,0.044235902,CLAS phi
2.385,0.92,-0.169394246,0.9876,0.1172,0.719726141,0.085411,CLAS phi
2.395,0.37,-0.938656037,0.0918,0.01,0.065678668,0.007154539,CLAS phi
2.395,0.42,-0.868770332,0.113,0.0115,0.080846291,0.00822772,CLAS phi
2.395,0.47,-0.798884628,0.1533,0.0151,0.109679083,0.010803354,CLAS phi
2.395,0.53,-0.715021783,0.1555,0.0157,0.111253082,0.011232626,CLAS phi
2.395,0.57,-0.659113219,0.2013,0.0186,0.144020871,0.013307443,CLAS phi
2.395,0.62,-0.589227515,0.2367,0.0213,0.169347939,0.015239168,CLAS phi
2.395,0.67,-0.51934181,0.3336,0.0283,0.238675422,0.020247345,CLAS phi
2.395,0.72,-0.449456106,0.4117,0.0323,0.294552372,0.023109161,CLAS phi
2.395,0.78,-0.365593261,0.4792,0.0381,0.34284551,0.027258794,CLAS phi
2.395,0.82,-0.309684697,0.5858,0.0449,0.419112896,0.03212388,CLAS phi
2.395,0.88,-0.225821852,0.7629,0.0597,0.545819783,0.042712598,CLAS phi
2.395,0.92,-0.169913288,0.7967,0.175,0.570002125,0.125204433,CLAS phi
2.405,0.37,-0.953296709,0.0956,0.0108,0.067168645,0.00758809,CLAS phi
2.405,0.42,-0.882132552,0.108,0.0118,0.075880896,0.00829069,CLAS phi
2.405,0.47,-0.810968395,0.1316,0.0144,0.092462277,0.010117453,CLAS phi
2.405,0.53,-0.725571406,0.1603,0.0184,0.112626922,0.012927856,CLAS phi
2.405,0.57,-0.66864008,0.2099,0.0212,0.147475926,0.014895139,CLAS phi
2.405,0.62,-0.597475923,0.2809,0.0254,0.197360589,0.017846063,CLAS phi
2.405,0.67,-0.526311766,0.2777,0.0255,0.195112266,0.017916323,CLAS phi
2.405,0.72,-0.455147609,0.4233,0.0343,0.297410956,0.02409921,CLAS phi
2.405,0.78,-0.36975062,0.4894,0.042,0.343852874,0.029509237,CLAS phi
2.405,0.82,-0.312819294,0.5962,0.0496,0.418890649,0.034849004,CLAS phi
2.405,0.88,-0.227422306,0.7641,0.0621,0.536857338,0.043631515,CLAS phi
2.405,0.92,-0.17049098,0.984,0.1148,0.691359273,0.080658582,CLAS phi
2.415,0.37,-0.968018995,0.1034,0.0111,0.071364557,0.007660992,CLAS phi
2.415,0.42,-0.89557407,0.1072,0.0111,0.073987239,0.007660992,CLAS phi
2.415,0.47,-0.823129145,0.1331,0.0133,0.091862888,0.009179387,CLAS phi
2.415,0.53,-0.736195235,0.1383,0.0153,0.095451821,0.010559746,CLAS phi
2.415,0.57,-0.678239295,0.1885,0.0194,0.13009883,0.013389482,CLAS phi
2.415,0.62,-0.60579437,0.2426,0.0219,0.16743754,0.01511493,CLAS phi
2.415,0.67,-0.533349445,0.2912,0.0269,0.200980262,0.018565828,CLAS phi
2.415,0.72,-0.46090452,0.352,0.0328,0.242943174,0.022637887,CLAS phi
2.415,0.78,-0.37397061,0.4586,0.0392,0.316516305,0.027055035,CLAS phi
2.415,0.82,-0.31601467,0.5477,0.0486,0.378011296,0.033542722,CLAS phi
2.415,0.88,-0.22908076,0.7944,0.0608,0.548278572,0.041962912,CLAS phi
2.415,0.92,-0.17112482,0.7977,0.0921,0.550556164,0.063565529,CLAS phi
2.425,0.37,-0.982821967,0.0951,0.0099,0.064493696,0.006713855,CLAS phi
2.425,0.42,-0.90909383,0.1244,0.0122,0.084363994,0.008273639,CLAS phi
2.425,0.47,-0.835365694,0.1489,0.014,0.100979089,0.00949434,CLAS phi
2.425,0.53,-0.746891931,0.1832,0.0173,0.124240222,0.011732292,CLAS phi
2.425,0.57,-0.687909422,0.2268,0.0204,0.15380831,0.01383461,CLAS phi
2.425,0.62,-0.614181286,0.2876,0.0236,0.195040873,0.016004745,CLAS phi
2.425,0.67,-0.54045315,0.2961,0.0247,0.200805293,0.016750729,CLAS phi
2.425,0.72,-0.466725014,0.4236,0.0338,0.287271605,0.02292205,CLAS phi
2.425,0.78,-0.37825125,0.4442,0.0393,0.301241848,0.026651969,CLAS phi
2.425,0.82,-0.319268742,0.6156,0.0491,0.417479698,0.033298007,CLAS phi
2.425,0.88,-0.230794978,0.9275,0.0684,0.629000032,0.046386633,CLAS phi
2.425,0.92,-0.171812469,0.9201,0.1687,0.623981595,0.114406798,CLAS phi
2.435,0.37,-0.997704754,0.0978,0.0107,0.065187909,0.007132011,CLAS phi
2.435,0.42,-0.922690844,0.1254,0.0125,0.083584497,0.008331788,CLAS phi
2.435,0.47,-0.847676933,0.1282,0.0132,0.085450818,0.008798368,CLAS phi
2.435,0.53,-0.75766024,0.1721,0.0178,0.114712057,0.011864466,CLAS phi
2.435,0.57,-0.697649111,0.204,0.0207,0.13597478,0.013797441,CLAS phi
2.435,0.62,-0.622635201,0.2348,0.0212,0.156504306,0.014130712,CLAS phi
2.435,0.67,-0.54762129,0.2883,0.0261,0.192164358,0.017396773,CLAS phi
2.435,0.72,-0.472607379,0.3318,0.0312,0.22115898,0.020796143,CLAS phi
2.435,0.78,-0.382590687,0.4944,0.0437,0.329538878,0.029127931,CLAS phi
2.435,0.82,-0.322579558,0.6495,0.053,0.432919704,0.035326781,CLAS phi
2.435,0.88,-0.232562865,0.8417,0.0649,0.561029276,0.043258643,CLAS phi
2.435,0.92,-0.172551737,0.9575,0.1516,0.63821496,0.101047925,CLAS phi
2.445,0.42,-0.936364182,0.1254,0.0123,0.082173079,0.008060039,CLAS phi
2.445,0.47,-0.860061821,0.127,0.0136,0.08322154,0.008911913,CLAS phi
2.445,0.53,-0.768498987,0.165,0.0171,0.108122473,0.01120542,CLAS phi
2.445,0.57,-0.707457098,0.2068,0.0202,0.135513499,0.013236812,CLAS phi
2.445,0.62,-0.631154736,0.2459,0.0228,0.161135249,0.01494056,CLAS phi
2.445,0.67,-0.554852375,0.2757,0.0251,0.180662823,0.016447722,CLAS phi
2.445,0.72,-0.478550013,0.3846,0.0341,0.252023655,0.022345311,CLAS phi
2.445,0.78,-0.386987179,0.4812,0.0444,0.315324448,0.029094774,CLAS phi
2.445,0.82,-0.32594529,0.6741,0.0571,0.441729447,0.037416928,CLAS phi
2.445,0.88,-0.234382456,1.0356,0.0729,0.678615956,0.047770474,CLAS phi
2.445,0.92,-0.173340567,1.0338,0.1373,0.677436438,0.089971003,CLAS phi
2.455,0.42,-0.950112977,0.1149,0.0118,0.074039617,0.00760372,CLAS phi
2.455,0.47,-0.872519382,0.1264,0.0132,0.081450022,0.008505857,CLAS phi
2.455,0.53,-0.779407069,0.1537,0.0158,0.099041681,0.010181253,CLAS phi
2.455,0.57,-0.717332193,0.1705,0.0177,0.109867316,0.011405581,CLAS phi
2.455,0.62,-0.639738599,0.2147,0.0202,0.138349049,0.013016538,CLAS phi
2.455,0.67,-0.562145004,0.2534,0.0246,0.163286674,0.015851824,CLAS phi
2.455,0.72,-0.48455141,0.3506,0.0326,0.225920711,0.021006889,CLAS phi
2.455,0.78,-0.391439096,0.4701,0.0411,0.30292449,0.026484145,CLAS phi
2.455,0.82,-0.329364221,0.6692,0.052,0.431221162,0.033507921,CLAS phi
2.455,0.88,-0.236251907,0.8708,0.0607,0.561128793,0.039114053,CLAS phi
2.455,0.92,-0.174177032,1.1477,0.1347,0.73955847,0.086798402,CLAS phi
2.465,0.42,-0.963936409,0.1026,0.0113,0.065029142,0.007162079,CLAS phi
2.465,0.47,-0.8850487,0.1249,0.0138,0.079163156,0.00874661,CLAS phi
2.465,0.53,-0.790383449,0.1194,0.0145,0.075677188,0.009190278,CLAS phi
2.465,0.57,-0.727273282,0.1887,0.0197,0.11960038,0.012486102,CLAS phi
2.465,0.62,-0.648385573,0.2207,0.0207,0.139882374,0.013119915,CLAS phi
2.465,0.67,-0.569497864,0.2962,0.0272,0.187735202,0.017239694,CLAS phi
2.465,0.72,-0.490610155,0.3625,0.0326,0.229756957,0.020662281,CLAS phi
2.465,0.78,-0.395944904,0.4772,0.0417,0.302455228,0.026429973,CLAS phi
2.465,0.82,-0.332834736,0.715,0.0554,0.453175791,0.035113201,CLAS phi
2.465,0.88,-0.238169486,0.9658,0.0728,0.612135915,0.046141535,CLAS phi
2.465,0.92,-0.175059318,1.0526,0.1152,0.667150823,0.073015176,CLAS phi
2.475,0.42,-0.977833712,0.0969,0.0115,0.060422924,0.007170935,CLAS phi
2.475,0.47,-0.897648913,0.0839,0.0107,0.052316649,0.006672088,CLAS phi
2.475,0.53,-0.801427154,0.1265,0.0147,0.078880287,0.009166326,CLAS phi
2.475,0.57,-0.737279315,0.1759,0.0191,0.109684131,0.011909988,CLAS phi
2.475,0.62,-0.657094516,0.2398,0.0235,0.149529588,0.01465365,CLAS phi
2.475,0.67,-0.576909716,0.2433,0.0242,0.151712047,0.015090142,CLAS phi
2.475,0.72,-0.496724917,0.4186,0.0349,0.261022042,0.02176223,CLAS phi
2.475,0.78,-0.400503159,0.5327,0.0444,0.332170191,0.027686046,CLAS phi
2.475,0.82,-0.336355319,0.6203,0.05,0.38679401,0.031177979,CLAS phi
2.475,0.88,-0.240133561,0.8621,0.066,0.537570718,0.041154933,CLAS phi
2.475,0.92,-0.175985721,1.289,0.1643,0.803768305,0.10245084,CLAS phi
2.485,0.42,-0.991804161,0.1173,0.0119,0.071976479,0.007301962,CLAS phi
2.485,0.47,-0.910319209,0.1205,0.0128,0.073940032,0.007854211,CLAS phi
2.485,0.53,-0.812537265,0.1623,0.0166,0.099588939,0.01018593,CLAS phi
2.485,0.57,-0.747349303,0.1658,0.0173,0.101736575,0.010615457,CLAS phi
2.485,0.62,-0.665864351,0.2038,0.0198,0.125053764,0.012149482,CLAS phi
2.485,0.67,-0.584379398,0.3044,0.0276,0.186782952,0.016935642,CLAS phi
2.485,0.72,-0.502894445,0.3297,0.0325,0.202307291,0.019942332,CLAS phi
2.485,0.78,-0.405112502,0.4822,0.0422,0.29588285,0.025894351,CLAS phi
2.485,0.82,-0.33992454,0.5955,0.0482,0.365404888,0.029576013,CLAS phi
2.485,0.88,-0.242142597,1.0374,0.0744,0.636559246,0.045652601,CLAS phi
2.485,0.92,-0.176954635,1.1312,0.117,0.694115885,0.071792396,CLAS phi
2.495,0.47,-0.923058823,0.1018,0.0118,0.061482153,0.007126615,CLAS phi
2.495,0.53,-0.823712919,0.1267,0.0142,0.076520518,0.008576096,CLAS phi
2.495,0.57,-0.757482317,0.1847,0.0183,0.111549642,0.011052293,CLAS phi
2.495,0.62,-0.674694064,0.2192,0.0209,0.132385932,0.012622564,CLAS phi
2.495,0.67,-0.591905811,0.301,0.0287,0.181789076,0.017333377,CLAS phi
2.495,0.72,-0.509117558,0.39,0.0365,0.235540663,0.02204419,CLAS phi
2.495,0.78,-0.409771654,0.5007,0.0454,0.302397974,0.027419349,CLAS phi
2.495,0.82,-0.343541052,0.6758,0.0512,0.408149692,0.030922261,CLAS phi
2.495,0.88,-0.244195148,0.9348,0.0707,0.56457285,0.042699295,CLAS phi
2.495,0.92,-0.177964546,1.0514,0.1291,0.634993469,0.077969999,CLAS phi
2.505,0.47,-0.935867035,0.0915,0.0114,0.054402902,0.006778066,CLAS phi
2.505,0.53,-0.834953301,0.1139,0.0134,0.067721208,0.007967201,CLAS phi
2.505,0.57,-0.767677478,0.1833,0.018,0.108984174,0.01070221,CLAS phi
2.505,0.62,-0.683582699,0.2088,0.0201,0.124145638,0.011950801,CLAS phi
2.505,0.67,-0.59948792,0.2522,0.0244,0.149949856,0.01450744,CLAS phi
2.505,0.72,-0.515393141,0.3935,0.0348,0.233962206,0.02069094,CLAS phi
2.505,0.78,-0.414479406,0.5657,0.0485,0.336346684,0.028836511,CLAS phi
2.505,0.82,-0.347203583,0.7195,0.0606,0.427791124,0.036030774,CLAS phi
2.505,0.88,-0.246289849,0.8581,0.0646,0.510198143,0.038409043,CLAS phi
2.505,0.92,-0.179014025,1.1242,0.1246,0.668412483,0.074083077,CLAS phi
2.515,0.47,-0.948743165,0.0874,0.0111,0.051168201,0.006498479,CLAS phi
2.515,0.53,-0.84625764,0.1465,0.016,0.08576821,0.009367176,CLAS phi
2.515,0.57,-0.777933957,0.1753,0.0178,0.102629127,0.010420984,CLAS phi
2.515,0.62,-0.692529352,0.2478,0.0232,0.145074146,0.013582406,CLAS phi
2.515,0.67,-0.607124748,0.2649,0.025,0.155085315,0.014636213,CLAS phi
2.515,0.72,-0.521720143,0.3751,0.0378,0.219601743,0.022129954,CLAS phi
2.515,0.78,-0.419234618,0.4832,0.0426,0.282888729,0.024940107,CLAS phi
2.515,0.82,-0.350910935,0.6524,0.0504,0.38194662,0.029506606,CLAS phi
2.515,0.88,-0.24842541,0.9185,0.0699,0.537734474,0.040922852,CLAS phi
2.515,0.92,-0.180101726,1.2515,0.1249,0.732688834,0.073122521,CLAS phi
2.525,0.47,-0.96168657,0.0963,0.0125,0.055524933,0.007207286,CLAS phi
2.525,0.53,-0.85762521,0.1374,0.0167,0.07922249,0.009628934,CLAS phi
2.525,0.57,-0.78825097,0.1682,0.0189,0.096981243,0.010897417,CLAS phi
2.525,0.62,-0.701533171,0.2289,0.0246,0.131979825,0.014183939,CLAS phi
2.525,0.67,-0.614815371,0.2885,0.0304,0.166344165,0.01752812,CLAS phi
2.525,0.72,-0.528097571,0.3653,0.0377,0.210625732,0.021737175,CLAS phi
2.525,0.78,-0.424036212,0.5751,0.0491,0.331592823,0.02831022,CLAS phi
2.525,0.82,-0.354661972,0.75,0.0573,0.432437172,0.0330382,CLAS phi
2.525,0.88,-0.250600613,0.9498,0.0685,0.547638434,0.039495928,CLAS phi
2.525,0.92,-0.181226373,1.1449,0.1247,0.660129757,0.071899887,CLAS phi
2.535,0.47,-0.974696641,0.1141,0.0131,0.06480419,0.007440271,CLAS phi
2.535,0.53,-0.869055324,0.1289,0.0148,0.073209992,0.008405802,CLAS phi
2.535,0.57,-0.798627779,0.1752,0.0182,0.099506521,0.010336865,CLAS phi
2.535,0.62,-0.710593348,0.2219,0.0219,0.126030235,0.012438315,CLAS phi
2.535,0.67,-0.622558916,0.2764,0.0275,0.156984033,0.015618889,CLAS phi
2.535,0.72,-0.534524485,0.4046,0.0355,0.229796453,0.020162566,CLAS phi
2.535,0.78,-0.428883168,0.5671,0.0474,0.322089887,0.026921285,CLAS phi
2.535,0.82,-0.358455623,0.6606,0.0504,0.37519411,0.028625164,CLAS phi
2.535,0.88,-0.252814306,0.9973,0.07,0.566426106,0.039757172,CLAS phi
2.535,0.92,-0.182386761,1.3883,0.1199,0.788498308,0.068098356,CLAS phi
2.545,0.47,-0.987772804,0.1045,0.013,0.058474911,0.007274391,CLAS phi
2.545,0.53,-0.88054733,0.1408,0.0162,0.078787248,0.00906501,CLAS phi
2.545,0.57,-0.809063681,0.2207,0.0211,0.123496773,0.011806896,CLAS phi
2.545,0.62,-0.719709119,0.2436,0.0237,0.136310892,0.013261774,CLAS phi
2.545,0.67,-0.630354557,0.3446,0.0307,0.192827313,0.017178754,CLAS phi
2.545,0.72,-0.540999995,0.4409,0.0371,0.246713761,0.020759992,CLAS phi
2.545,0.78,-0.433774521,0.5889,0.0456,0.329529902,0.025516325,CLAS phi
2.545,0.82,-0.362290872,0.8821,0.0587,0.493595393,0.032846672,CLAS phi
2.545,0.88,-0.255065398,1.0714,0.0741,0.599521714,0.041464027,CLAS phi
2.545,0.92,-0.183581749,1.3877,0.1165,0.776513238,0.065189733,CLAS phi
2.555,0.53,-0.892100613,0.1658,0.0183,0.091422143,0.010090623,CLAS phi
2.555,0.57,-0.819558013,0.1937,0.0183,0.106806206,0.010090623,CLAS phi
2.555,0.62,-0.728879762,0.2329,0.0228,0.128421092,0.012571923,CLAS phi
2.555,0.67,-0.638201511,0.2947,0.0279,0.16249762,0.015384064,CLAS phi
2.555,0.72,-0.54752326,0.3964,0.0369,0.218575014,0.020346665,CLAS phi
2.555,0.78,-0.438709358,0.5607,0.0465,0.309170057,0.025640106,CLAS phi
2.555,0.82,-0.366166758,0.7033,0.0565,0.387799716,0.031154108,CLAS phi
2.555,0.88,-0.257352856,1.0048,0.0733,0.554046857,0.04041763,CLAS phi
2.555,0.92,-0.184810256,1.3838,0.1248,0.763027509,0.068814737,CLAS phi
2.565,0.53,-0.90371459,0.1517,0.0164,0.082440674,0.008912505,CLAS phi
2.565,0.57,-0.830110145,0.1951,0.018,0.106026206,0.009782018,CLAS phi
2.565,0.62,-0.73810459,0.2431,0.0215,0.132111587,0.011684077,CLAS phi
2.565,0.67,-0.646099034,0.3307,0.0303,0.179717408,0.016466397,CLAS phi
2.565,0.72,-0.554093479,0.4205,0.036,0.228518809,0.019564036,CLAS phi
2.565,0.78,-0.443686812,0.6206,0.0514,0.337262243,0.027933096,CLAS phi
2.565,0.82,-0.370082368,0.8142,0.0604,0.442473281,0.032824105,CLAS phi
2.565,0.88,-0.259675701,1.0959,0.0729,0.595561862,0.039617173,CLAS phi
2.565,0.92,-0.186071257,1.513,0.1222,0.822232957,0.066409033,CLAS phi
2.575,0.53,-0.915388706,0.1336,0.0151,0.071568978,0.008089009,CLAS phi
2.575,0.57,-0.840719483,0.1659,0.0158,0.088871957,0.008463996,CLAS phi
2.575,0.62,-0.747382954,0.2008,0.0199,0.107567746,0.010660349,CLAS phi
2.575,0.67,-0.654046425,0.2666,0.0251,0.142816539,0.013445968,CLAS phi
2.575,0.72,-0.560709896,0.3929,0.0347,0.210474936,0.018588649,CLAS phi
2.575,0.78,-0.448706061,0.5415,0.0453,0.290079354,0.024267026,CLAS phi
2.575,0.82,-0.374036838,0.7006,0.052,0.375308578,0.027856189,CLAS phi
2.575,0.88,-0.262033003,0.9396,0.0655,0.503339909,0.035088084,CLAS phi
2.575,0.93,-0.168696474,1.1642,0.1524,0.623657218,0.081640062,CLAS phi
2.585,0.53,-0.927122436,0.1121,0.014,0.059204897,0.00739401,CLAS phi
2.585,0.57,-0.851385458,0.1588,0.0175,0.083869203,0.009242513,CLAS phi
2.585,0.62,-0.756714236,0.2274,0.0226,0.120099854,0.011936045,CLAS phi
2.585,0.67,-0.662043014,0.278,0.0272,0.14682392,0.014365506,CLAS phi
2.585,0.72,-0.567371791,0.3813,0.0358,0.201381154,0.018907541,CLAS phi
2.585,0.78,-0.453766324,0.5503,0.0456,0.290637422,0.024083348,CLAS phi
2.585,0.82,-0.378029346,0.6404,0.0476,0.33822316,0.025139635,CLAS phi
2.585,0.88,-0.26442388,1.0733,0.0786,0.566856523,0.041512087,CLAS phi
2.585,0.92,-0.188686902,1.5307,0.2357,0.808429405,0.124483446,CLAS phi
2.595,0.53,-0.938915282,0.1245,0.0154,0.064837209,0.008020024,CLAS phi
2.595,0.57,-0.862107535,0.1578,0.0166,0.08217921,0.008644961,CLAS phi
2.595,0.62,-0.766097851,0.2109,0.0208,0.10983267,0.010832241,CLAS phi
2.595,0.67,-0.670088166,0.2451,0.0251,0.127643374,0.013071598,CLAS phi
2.595,0.72,-0.574078482,0.3337,0.0332,0.173784553,0.017289923,CLAS phi
2.595,0.78,-0.458866861,0.5091,0.0452,0.265129505,0.023539292,CLAS phi
2.595,0.82,-0.382059114,0.6037,0.0506,0.314395368,0.026351508,CLAS phi
2.595,0.88,-0.266847493,1.0253,0.0701,0.533956553,0.036506734,CLAS phi
2.595,0.93,-0.170837809,1.5524,0.3614,0.808460112,0.188210181,CLAS phi
2.605,0.53,-0.950766769,0.109,0.0111,0.055982437,0.005700964,CLAS phi
2.605,0.57,-0.8728852,0.1528,0.0141,0.078478132,0.007241765,CLAS phi
2.605,0.62,-0.77553324,0.21,0.0182,0.107856072,0.009347526,CLAS phi
2.605,0.67,-0.67818128,0.2267,0.0211,0.116433197,0.010836967,CLAS phi
2.605,0.72,-0.580829319,0.3783,0.0324,0.194295009,0.016640651,CLAS phi
2.605,0.78,-0.464006967,0.4509,0.0383,0.231582394,0.019670893,CLAS phi
2.605,0.82,-0.386125399,0.5943,0.0455,0.305232682,0.023368816,CLAS phi
2.605,0.88,-0.269303046,0.9899,0.1024,0.508412977,0.052592675,CLAS phi
2.605,0.92,-0.191421478,1.5087,0.115,0.774868834,0.059064039,CLAS phi
2.615,0.53,-0.962676445,0.1208,0.0119,0.061196723,0.006028485,CLAS phi
2.615,0.57,-0.88371797,0.1699,0.0134,0.086070557,0.006788378,CLAS phi
2.615,0.62,-0.785019875,0.1989,0.0177,0.100761823,0.008966738,CLAS phi
2.615,0.67,-0.68632178,0.3033,0.026,0.153650382,0.01317148,CLAS phi
2.615,0.72,-0.587623685,0.4078,0.0322,0.206589601,0.016312372,CLAS phi
2.615,0.78,-0.469185971,0.5041,0.0368,0.255374737,0.01864271,CLAS phi
2.615,0.82,-0.390227495,0.7693,0.0515,0.389723835,0.026089663,CLAS phi
2.615,0.88,-0.271789781,1.0882,0.0693,0.551277105,0.035107061,CLAS phi
2.615,0.93,-0.173091687,1.5977,0.2469,0.809387457,0.125078402,CLAS phi
2.625,0.53,-0.974643883,0.0981,0.0111,0.049026404,0.00554733,CLAS phi
2.625,0.57,-0.89460538,0.133,0.0133,0.066468009,0.006646801,CLAS phi
2.625,0.62,-0.79455725,0.2054,0.0185,0.102650595,0.00924555,CLAS phi
2.625,0.67,-0.694509121,0.276,0.0243,0.137933613,0.012144155,CLAS phi
2.625,0.72,-0.594460991,0.4322,0.0371,0.215996042,0.018541076,CLAS phi
2.625,0.78,-0.474403236,0.4983,0.0388,0.249030143,0.019390667,CLAS phi
2.625,0.82,-0.394364733,0.7162,0.0513,0.357927731,0.025637661,CLAS phi
2.625,0.88,-0.274306977,1.1745,0.0747,0.586967496,0.037332032,CLAS phi
2.625,0.93,-0.174258848,1.4694,0.1359,0.734346563,0.067917312,CLAS phi
2.635,0.53,-0.986668674,0.1135,0.0127,0.055965308,0.006262197,CLAS phi
2.635,0.57,-0.905546991,0.1678,0.0154,0.082739901,0.007593531,CLAS phi
2.635,0.62,-0.804144887,0.2035,0.0178,0.100343086,0.008776938,CLAS phi
2.635,0.67,-0.702742783,0.2759,0.0249,0.136042542,0.012277852,CLAS phi
2.635,0.72,-0.601340679,0.3899,0.0333,0.192254393,0.016419778,CLAS phi
2.635,0.78,-0.479658154,0.4689,0.0382,0.23120822,0.018835901,CLAS phi
2.635,0.82,-0.398536471,0.654,0.0464,0.322478516,0.02287921,CLAS phi
2.635,0.88,-0.276853946,0.9679,0.0654,0.477258342,0.032247852,CLAS phi
2.635,0.92,-0.195732263,1.3637,0.1009,0.672421945,0.049752419,CLAS phi
2.645,0.53,-0.998750429,0.1095,0.012,0.053279457,0.005838845,CLAS phi
2.645,0.57,-0.916542384,0.134,0.0129,0.065200431,0.006276758,CLAS phi
2.645,0.62,-0.813782328,0.1995,0.0182,0.097070791,0.008855581,CLAS phi
2.645,0.67,-0.711022271,0.2537,0.0219,0.123442906,0.010655891,CLAS phi
2.645,0.72,-0.608262215,0.3385,0.03,0.164704075,0.014597111,CLAS phi
2.645,0.78,-0.484950147,0.4919,0.039,0.239343971,0.018976245,CLAS phi
2.645,0.82,-0.402742102,0.7091,0.0478,0.345027059,0.023258064,CLAS phi
2.645,0.88,-0.279430035,0.9847,0.065,0.479125856,0.031627075,CLAS phi
2.645,0.93,-0.176669978,1.415,0.1658,0.688497092,0.08067337,CLAS phi
2.655,0.57,-0.927591159,0.1441,0.014,0.069197657,0.006722881,CLAS phi
2.655,0.62,-0.823469136,0.195,0.0175,0.093640132,0.008403602,CLAS phi
2.655,0.67,-0.719347113,0.2597,0.0225,0.124709448,0.010804631,CLAS phi
2.655,0.72,-0.61522509,0.3662,0.0325,0.175851367,0.015606689,CLAS phi
2.655,0.78,-0.490278663,0.5689,0.0435,0.273189084,0.020888953,CLAS phi
2.655,0.82,-0.406981045,0.7053,0.0482,0.338689156,0.02314592,CLAS phi
2.655,0.88,-0.282034617,1.0743,0.07,0.515885099,0.033614406,CLAS phi
2.655,0.93,-0.177912594,1.6046,0.1577,0.770538238,0.075728456,CLAS phi
2.665,0.57,-0.938692934,0.1465,0.013,0.069439153,0.006161836,CLAS phi
2.665,0.62,-0.833204896,0.1814,0.0156,0.085981313,0.007394203,CLAS phi
2.665,0.67,-0.727716858,0.2233,0.0197,0.105841385,0.009337552,CLAS phi
2.665,0.72,-0.62222882,0.3455,0.0277,0.163762644,0.013129451,CLAS phi
2.665,0.78,-0.495643175,0.5549,0.0407,0.263015604,0.019291287,CLAS phi
2.665,0.82,-0.411252744,0.749,0.049,0.355016557,0.023225382,CLAS phi
2.665,0.88,-0.284667099,0.9944,0.0646,0.471333063,0.030619586,CLAS phi
2.665,0.93,-0.179179061,1.7314,0.1709,0.820661771,0.081004445,CLAS phi
2.675,0.57,-0.949847346,0.1403,0.013,0.065647786,0.006082831,CLAS phi
2.675,0.62,-0.842989211,0.2065,0.0174,0.096623435,0.008141636,CLAS phi
2.675,0.67,-0.736131077,0.2266,0.0207,0.106028428,0.009685739,CLAS phi
2.675,0.72,-0.629272942,0.3476,0.0285,0.162645549,0.013335438,CLAS phi
2.675,0.78,-0.50104318,0.5606,0.0466,0.2623104,0.02180461,CLAS phi
2.675,0.82,-0.415556673,0.7369,0.048,0.344802949,0.022459685,CLAS phi
2.675,0.88,-0.287326911,1.1407,0.0723,0.533745046,0.0338299,CLAS phi
2.675,0.93,-0.180468776,2.2631,0.3035,1.058927337,0.142010714,CLAS phi
2.685,0.57,-0.961054048,0.1532,0.0141,0.070773668,0.006513764,CLAS phi
2.685,0.62,-0.852821703,0.1629,0.0153,0.075254768,0.007068127,CLAS phi
2.685,0.67,-0.744589358,0.252,0.0228,0.116416216,0.010532896,CLAS phi
2.685,0.72,-0.636357014,0.3573,0.0307,0.165061563,0.014182452,CLAS phi
2.685,0.78,-0.5064782,0.5379,0.0385,0.248493185,0.017785811,CLAS phi
2.685,0.82,-0.419892324,0.8098,0.0542,0.374102586,0.025038726,CLAS phi
2.685,0.88,-0.290013511,1.0326,0.0699,0.477029304,0.032291641,CLAS phi
2.685,0.93,-0.181781166,1.7468,0.18,0.806967642,0.08315444,CLAS phi
2.695,0.57,-0.972312707,0.1441,0.0141,0.065732635,0.006431854,CLAS phi
2.695,0.62,-0.862702009,0.2143,0.0182,0.097755057,0.008302109,CLAS phi
2.695,0.67,-0.753091311,0.2649,0.0232,0.120836745,0.010582909,CLAS phi
2.695,0.72,-0.643480613,0.3821,0.0331,0.17429868,0.015098891,CLAS phi
2.695,0.78,-0.511947776,0.5198,0.0373,0.237111892,0.017014763,CLAS phi
2.695,0.82,-0.424259217,0.7545,0.0516,0.34417261,0.023537848,CLAS phi
2.695,0.88,-0.29272638,1.1587,0.0798,0.528552423,0.036401556,CLAS phi
2.695,0.93,-0.183115682,1.7739,0.1763,0.809181965,0.080420982,CLAS phi
2.705,0.57,-0.983623008,0.1258,0.0118,0.056670126,0.00531564,CLAS phi
2.705,0.62,-0.872629784,0.1923,0.0161,0.08662691,0.007252695,CLAS phi
2.705,0.67,-0.761636561,0.2384,0.0203,0.107393944,0.009144702,CLAS phi
2.705,0.72,-0.650643337,0.3535,0.0292,0.159243956,0.013153956,CLAS phi
2.705,0.78,-0.517451469,0.5108,0.0387,0.230104138,0.017433497,CLAS phi
2.705,0.82,-0.42865689,0.7659,0.0513,0.345021063,0.023109519,CLAS phi
2.705,0.88,-0.295465022,1.1428,0.0768,0.514806203,0.034596707,CLAS phi
2.705,0.93,-0.184471799,1.7602,0.1459,0.792931291,0.065724733,CLAS phi
2.715,0.57,-0.994984646,0.1132,0.0109,0.050364857,0.00484962,CLAS phi
2.715,0.62,-0.882604698,0.1851,0.0159,0.082354549,0.007074216,CLAS phi
2.715,0.67,-0.770224749,0.2593,0.023,0.115367556,0.010233142,CLAS phi
2.715,0.72,-0.6578448,0.3612,0.0285,0.160704825,0.012680198,CLAS phi
2.715,0.78,-0.522988861,0.5429,0.0404,0.241546648,0.017974737,CLAS phi
2.715,0.82,-0.433084902,0.7614,0.0491,0.338761499,0.021845534,CLAS phi
2.715,0.88,-0.298228963,1.3018,0.0804,0.57919585,0.035771506,CLAS phi
2.715,0.93,-0.185849014,1.7803,0.174,0.7920897,0.077415946,CLAS phi
2.725,0.62,-0.892626433,0.1977,0.0164,0.086885135,0.007207467,CLAS phi
2.725,0.67,-0.778855532,0.2129,0.0188,0.093565226,0.008262218,CLAS phi
2.725,0.72,-0.665084632,0.3963,0.0316,0.174165801,0.013887558,CLAS phi
2.725,0.78,-0.528559551,0.5637,0.0387,0.247734701,0.017007864,CLAS phi
2.725,0.82,-0.43754283,0.7039,0.0451,0.309349753,0.019820534,CLAS phi
2.725,0.88,-0.30101775,1.1998,0.0775,0.527287731,0.034059676,CLAS phi
2.725,0.93,-0.187246849,2.2335,0.3987,0.981577886,0.175220552,CLAS phi
2.735,0.62,-0.902694687,0.1662,0.0151,0.072156648,0.006555748,CLAS phi
2.735,0.67,-0.787528583,0.2073,0.0196,0.09000044,0.008509448,CLAS phi
2.735,0.72,-0.672362479,0.3196,0.0267,0.138756105,0.011591952,CLAS phi
2.735,0.78,-0.534163155,0.4512,0.0327,0.195890972,0.014196886,CLAS phi
2.735,0.82,-0.442030272,0.7168,0.0494,0.311202679,0.021447283,CLAS phi
2.735,0.88,-0.303830947,0.8503,0.0636,0.369162441,0.027612291,CLAS phi
2.735,0.93,-0.188664844,1.5362,0.1711,0.666949715,0.07428401,CLAS phi
2.745,0.62,-0.91280917,0.1334,0.0126,0.057221007,0.005404683,CLAS phi
2.745,0.67,-0.796243587,0.1776,0.0166,0.076180291,0.007120455,CLAS phi
2.745,0.72,-0.679678005,0.2603,0.0221,0.111653884,0.009479642,CLAS phi
2.745,0.78,-0.539799305,0.3906,0.0295,0.167545167,0.012653821,CLAS phi
2.745,0.82,-0.446546839,0.5345,0.0372,0.229270076,0.015956683,CLAS phi
2.745,0.88,-0.30666814,0.7466,0.0515,0.320248903,0.022090569,CLAS phi
2.745,0.93,-0.190102557,1.8415,0.2714,0.78989868,0.116415152,CLAS phi
2.755,0.62,-0.922969605,0.1733,0.0151,0.073451275,0.006399967,CLAS phi
2.755,0.67,-0.805000245,0.2248,0.0207,0.095278977,0.008773465,CLAS phi
2.755,0.72,-0.687030884,0.3681,0.0286,0.156015086,0.012121792,CLAS phi
2.755,0.78,-0.545467651,0.4985,0.0342,0.211283674,0.014495289,CLAS phi
2.755,0.82,-0.451092162,0.7111,0.0461,0.301391817,0.019538972,CLAS phi
2.755,0.88,-0.309528929,1.0573,0.0677,0.448124832,0.028693891,CLAS phi
2.755,0.93,-0.191559568,1.3066,0.122,0.553787861,0.051708342,CLAS phi
2.765,0.62,-0.933175727,0.1703,0.0143,0.071328373,0.005989405,CLAS phi
2.765,0.67,-0.813798266,0.2195,0.0187,0.091935278,0.007832299,CLAS phi
2.765,0.72,-0.694420806,0.3604,0.0271,0.150949768,0.011350551,CLAS phi
2.765,0.78,-0.551167853,0.5571,0.0374,0.233335505,0.015664599,CLAS phi
2.765,0.82,-0.455665885,0.7987,0.0509,0.334527137,0.021318932,CLAS phi
2.765,0.88,-0.312412932,1.3437,0.0923,0.562794683,0.038658889,CLAS phi
2.765,0.93,-0.193035472,1.9001,0.1833,0.795837,0.076773287,CLAS phi
2.775,0.62,-0.943427278,0.1574,0.0136,0.065154453,0.00562961,CLAS phi
2.775,0.67,-0.822637376,0.2029,0.0181,0.083988808,0.007492348,CLAS phi
2.775,0.72,-0.701847473,0.3209,0.0293,0.132833951,0.012128497,CLAS phi
2.775,0.78,-0.55689959,0.48,0.0329,0.198692105,0.013618688,CLAS phi
2.775,0.82,-0.460267667,0.6817,0.0451,0.282184183,0.018668779,CLAS phi
2.775,0.88,-0.315319784,1.0745,0.0768,0.444780555,0.031790737,CLAS phi
2.775,0.93,-0.194529881,1.2161,0.1171,0.503394726,0.048472595,CLAS phi
2.785,0.62,-0.953724017,0.1552,0.0136,0.063498969,0.005564343,CLAS phi
2.785,0.67,-0.831517308,0.1981,0.0177,0.081051197,0.007241828,CLAS phi
2.785,0.72,-0.7093106,0.3491,0.0259,0.142831766,0.0105968,CLAS phi
2.785,0.78,-0.562662549,0.4771,0.0327,0.19520205,0.013378971,CLAS phi
2.785,0.82,-0.464897183,0.7434,0.0477,0.304156789,0.019516114,CLAS phi
2.785,0.88,-0.318249132,1.0661,0.0715,0.436187184,0.029253713,CLAS phi
2.785,0.93,-0.196042424,2.1728,0.2688,0.888985566,0.109977596,CLAS phi
2.795,0.62,-0.964065707,0.1452,0.0133,0.05872461,0.005379045,CLAS phi
2.795,0.67,-0.840437809,0.2344,0.0203,0.094800609,0.008210121,CLAS phi
2.795,0.72,-0.716809912,0.3075,0.0258,0.124365134,0.010434538,CLAS phi
2.795,0.78,-0.568456435,0.485,0.0357,0.196153138,0.014438489,CLAS phi
2.795,0.82,-0.469554117,0.7881,0.0556,0.318738738,0.022486834,CLAS phi
2.795,0.88,-0.32120064,1.0057,0.0706,0.406744765,0.028553426,CLAS phi
2.795,0.93,-0.197572743,1.4093,0.1283,0.56997653,0.051889583,CLAS phi
2.805,0.62,-0.974452123,0.1406,0.013,0.056215945,0.005197776,CLAS phi
2.805,0.67,-0.849398635,0.2175,0.0188,0.086962788,0.007516784,CLAS phi
2.805,0.72,-0.724345146,0.3768,0.0281,0.150655534,0.011235192,CLAS phi
2.805,0.78,-0.574280961,0.5029,0.0338,0.201073959,0.013514217,CLAS phi
2.805,0.82,-0.47423817,0.7967,0.0505,0.318543693,0.02019136,CLAS phi
2.805,0.88,-0.324173984,1.0481,0.0712,0.419060681,0.028467818,CLAS phi
2.805,0.93,-0.199120496,1.6002,0.148,0.639806223,0.059174679,CLAS phi
2.815,0.62,-0.98488305,0.153,0.0133,0.060482198,0.005257603,CLAS phi
2.815,0.67,-0.85839955,0.2435,0.0199,0.096257615,0.007866639,CLAS phi
2.815,0.72,-0.731916051,0.3044,0.0243,0.120331902,0.009605996,CLAS phi
2.815,0.78,-0.580135852,0.4717,0.0332,0.18646701,0.013124242,CLAS phi
2.815,0.82,-0.478949052,0.7581,0.0498,0.299683359,0.019686362,CLAS phi
2.815,0.88,-0.327168853,1.1531,0.0823,0.455830209,0.032533888,CLAS phi
2.815,0.93,-0.200685353,1.8468,0.2208,0.730055702,0.087284113,CLAS phi
2.825,0.62,-0.995358279,0.1572,0.014,0.061445638,0.005472258,CLAS phi
2.825,0.67,-0.867440331,0.2246,0.019,0.087790651,0.007426636,CLAS phi
2.825,0.72,-0.739522383,0.3372,0.026,0.13180324,0.010162765,CLAS phi
2.825,0.78,-0.586020845,0.4821,0.033,0.188441109,0.012898894,CLAS phi
2.825,0.82,-0.483686486,0.7258,0.0472,0.283697483,0.018449327,CLAS phi
2.825,0.88,-0.330184948,1.1977,0.0765,0.468151661,0.029901981,CLAS phi
2.825,0.93,-0.202266999,1.8686,0.2447,0.730390076,0.09564725,CLAS phi
2.835,0.67,-0.87652076,0.1773,0.0163,0.068531352,0.006300401,CLAS phi
2.835,0.72,-0.747163908,0.2809,0.0228,0.108575617,0.00881283,CLAS phi
2.835,0.78,-0.591935686,0.403,0.0287,0.155770643,0.011093344,CLAS phi
2.835,0.82,-0.488450204,0.7288,0.0548,0.281701351,0.021181715,CLAS phi
2.835,0.88,-0.333221982,0.9438,0.071,0.364804796,0.027443463,CLAS phi
2.835,0.93,-0.20386513,1.2238,0.1356,0.473032538,0.052413149,CLAS phi
2.813,,-0.1225,,,1.22,0.22,Ballam2.8&4.7
2.813,,-0.3,,,0.44,0.12,Ballam2.8&4.7
2.813,,-0.5,,,0.17,0.1,Ballam2.8&4.7
2.813,,-0.7,,,0.24,0.1,Ballam2.8&4.7
4.281,,-0.11,,,1.5,0.3,Ballam9.3GeV
4.281,,-0.3,,,0.68,0.15,Ballam9.3GeV
4.281,,-0.5,,,0.23,0.11,Ballam9.3GeV
4.281,,-0.7,,,0.15,0.1,Ballam9.3GeV
70,,-0.145,,,2.53,0.6,ZEUS70GeV
70,,-0.245,,,1.24,0.19,ZEUS70GeV
70,,-0.345,,,0.47,0.13,ZEUS70GeV
70,,-0.445,,,0.31,0.07,ZEUS70GeV
94,,-0.462,,,0.333,0.1002,ZEUS94GeV
94,,-0.628,,,0.168,0.0465,ZEUS94GeV
94,,-0.859,,,0.027,0.01193,ZEUS94GeV
2.659,,-0.025,,,1.78,0.264,Barber2.8-3.8
2.659,,-0.075,,,1.406,0.198,Barber2.8-3.8
2.659,,-0.125,,,1.046,0.139,Barber2.8-3.8
2.659,,-0.175,,,0.942,0.12,Barber2.8-3.8
2.659,,-0.225,,,0.669,0.103,Barber2.8-3.8
2.659,,-0.275,,,0.393,0.102,Barber2.8-3.8
2.659,,-0.325,,,0.552,0.097,Barber2.8-3.8
2.659,,-0.375,,,0.68,0.103,Barber2.8-3.8
2.659,,-0.425,,,0.494,0.104,Barber2.8-3.8
2.659,,-0.475,,,0.36,0.101,Barber2.8-3.8
2.659,,-0.55,,,0.433,0.079,Barber2.8-3.8
2.659,,-0.65,,,0.174,0.09,Barber2.8-3.8
2.659,,-0.75,,,0.019,0.08,Barber2.8-3.8
2.659,,-0.85,,,0.01,0.081,Barber2.8-3.8
2.659,,-0.95,,,0.165,0.066,Barber2.8-3.8
2.991,,-0.025,,,1.723,0.287,Barber3.8-4.8
2.991,,-0.075,,,1.257,0.159,Barber3.8-4.8
2.991,,-0.125,,,0.845,0.119,Barber3.8-4.8
2.991,,-0.175,,,0.747,0.095,Barber3.8-4.8
2.991,,-0.225,,,0.574,0.096,Barber3.8-4.8
2.991,,-0.275,,,0.391,0.078,Barber3.8-4.8
2.991,,-0.325,,,0.324,0.068,Barber3.8-4.8
2.991,,-0.375,,,0.41,0.072,Barber3.8-4.8
2.991,,-0.425,,,0.381,0.08,Barber3.8-4.8
2.991,,-0.475,,,0.233,0.061,Barber3.8-4.8
2.991,,-0.55,,,0.184,0.035,Barber3.8-4.8
2.991,,-0.65,,,0.196,0.049,Barber3.8-4.8
2.991,,-0.75,,,0.156,0.038,Barber3.8-4.8
2.991,,-0.85,,,0.062,0.034,Barber3.8-4.8
2.991,,-0.95,,,0.101,0.033,Barber3.8-4.8
13.73,,-0.01,,,3.07,0.46,Busenitz35-165
13.73,,-0.04,,,2.39,0.32,Busenitz35-165
13.73,,-0.1,,,1.6,0.23,Busenitz35-165
13.73,,-0.19,,,0.88,0.11,Busenitz35-165
13.73,,-0.31,,,0.41,0.05,Busenitz35-165
13.73,,-0.5,,,0.18,0.02,Busenitz35-165
13.73,,-0.81,,,0.03,0.006,Busenitz35-165